id,prediction
1,on_time
2,late
3,late
4,late
5,late
6,on_time
7,on_time
8,on_time
9,late
10,on_time
11,late
12,late
13,on_time
14,late
15,on_time
16,late
17,on_time
18,on_time
19,late
20,on_time
21,late
22,late
23,late
24,on_time
25,on_time
26,late
27,late
28,on_time
29,on_time
30,late
31,on_time
32,late
33,late
34,late
35,on_time
36,on_time
37,on_time
38,late
39,on_time
40,late
41,late
42,on_time
43,on_time
44,on_time
45,on_time
46,on_time
47,on_time
48,late
49,on_time
50,late
51,on_time
52,late
53,late
54,late
55,on_time
56,on_time
57,late
58,on_time
59,on_time
60,on_time
61,late
62,on_time
63,on_time
64,late
65,on_time
66,late
67,late
68,late
69,late
70,on_time
71,late
72,on_time
73,on_time
74,late
75,late
76,late
77,on_time
78,on_time
79,on_time
80,on_time
81,on_time
82,late
83,on_time
84,late
85,late
86,on_time
87,late
88,on_time
89,late
90,on_time
91,on_time
92,on_time
93,on_time
94,on_time
95,on_time
96,late
97,on_time
98,late
99,on_time
100,late
101,late
102,on_time
103,on_time
104,late
105,late
106,on_time
107,late
108,on_time
109,late
110,on_time
111,late
112,late
113,late
114,on_time
115,on_time
116,late
117,late
118,late
119,on_time
120,late
121,late
122,on_time
123,on_time
124,on_time
125,late
126,late
127,on_time
128,late
129,on_time
130,on_time
131,late
132,late
133,on_time
134,on_time
135,late
136,on_time
137,on_time
138,on_time
139,on_time
140,on_time
141,late
142,on_time
143,late
144,on_time
145,late
146,late
147,late
148,on_time
149,late
150,late
151,on_time
152,late
153,on_time
154,late
155,on_time
156,late
157,on_time
158,on_time
159,late
160,on_time
161,on_time
162,on_time
163,late
164,late
165,late
166,on_time
167,late
168,late
169,on_time
170,late
171,on_time
172,late
173,late
174,late
175,on_time
176,late
177,late
178,late
179,late
180,on_time
181,late
182,late
183,on_time
184,on_time
185,on_time
186,late
187,late
188,late
189,on_time
190,late
191,on_time
192,on_time
193,on_time
194,on_time
195,late
196,on_time
197,late
198,late
199,on_time
200,on_time
201,late
202,on_time
203,on_time
204,on_time
205,late
206,late
207,late
208,on_time
209,on_time
210,on_time
211,late
212,on_time
213,late
214,on_time
215,on_time
216,late
217,on_time
218,on_time
219,on_time
220,on_time
221,late
222,on_time
223,late
224,late
225,late
226,on_time
227,on_time
228,late
229,on_time
230,late
231,late
232,on_time
233,late
234,late
235,on_time
236,late
237,late
238,on_time
239,late
240,on_time
241,on_time
242,on_time
243,on_time
244,late
245,on_time
246,on_time
247,on_time
248,on_time
249,on_time
250,late
251,late
252,on_time
253,on_time
254,late
255,on_time
256,on_time
257,on_time
258,late
259,on_time
260,on_time
261,on_time
262,late
263,late
264,late
265,on_time
266,on_time
267,late
268,late
269,on_time
270,on_time
271,on_time
272,late
273,late
274,on_time
275,late
276,on_time
277,late
278,late
279,on_time
280,late
281,late
282,on_time
283,on_time
284,on_time
285,on_time
286,late
287,on_time
288,on_time
289,late
290,on_time
291,late
292,late
293,on_time
294,late
295,late
296,on_time
297,late
298,late
299,late
300,on_time
301,late
302,late
303,late
304,late
305,late
306,late
307,late
308,late
309,on_time
310,late
311,on_time
312,on_time
313,on_time
314,late
315,on_time
316,late
317,late
318,late
319,late
320,late
321,on_time
322,late
323,late
324,late
325,late
326,on_time
327,late
328,on_time
329,on_time
330,on_time
331,late
332,late
333,late
334,on_time
335,on_time
336,on_time
337,on_time
338,on_time
339,on_time
340,late
341,late
342,late
343,on_time
344,on_time
345,on_time
346,late
347,on_time
348,late
349,on_time
350,on_time
351,on_time
352,late
353,late
354,late
355,late
356,late
357,late
358,on_time
359,late
360,late
361,on_time
362,late
363,on_time
364,on_time
365,on_time
366,on_time
367,on_time
368,late
369,late
370,late
371,on_time
372,on_time
373,late
374,on_time
375,on_time
376,on_time
377,on_time
378,late
379,late
380,on_time
381,on_time
382,late
383,late
384,on_time
385,on_time
386,late
387,on_time
388,on_time
389,late
390,on_time
391,on_time
392,on_time
393,on_time
394,late
395,on_time
396,late
397,late
398,on_time
399,on_time
400,late
401,late
402,late
403,late
404,on_time
405,on_time
406,late
407,late
408,on_time
409,on_time
410,late
411,on_time
412,on_time
413,on_time
414,late
415,late
416,late
417,on_time
418,late
419,on_time
420,late
421,on_time
422,on_time
423,on_time
424,late
425,on_time
426,on_time
427,late
428,on_time
429,late
430,late
431,on_time
432,on_time
433,on_time
434,late
435,on_time
436,on_time
437,on_time
438,on_time
439,on_time
440,on_time
441,on_time
442,on_time
443,on_time
444,late
445,on_time
446,on_time
447,late
448,on_time
449,on_time
450,late
451,late
452,on_time
453,on_time
454,on_time
455,late
456,late
457,on_time
458,on_time
459,on_time
460,on_time
461,on_time
462,on_time
463,on_time
464,late
465,late
466,on_time
467,late
468,on_time
469,on_time
470,late
471,on_time
472,late
473,late
474,on_time
475,late
476,on_time
477,late
478,on_time
479,late
480,on_time
481,late
482,on_time
483,on_time
484,late
485,on_time
486,late
487,on_time
488,late
489,on_time
490,on_time
491,late
492,on_time
493,on_time
494,late
495,late
496,late
497,on_time
498,on_time
499,late
500,on_time
501,late
502,late
503,late
504,on_time
505,on_time
506,late
507,on_time
508,on_time
509,on_time
510,on_time
511,late
512,on_time
513,on_time
514,late
515,late
516,late
517,late
518,late
519,late
520,late
521,late
522,late
523,on_time
524,on_time
525,late
526,on_time
527,on_time
528,late
529,late
530,late
531,on_time
532,on_time
533,on_time
534,on_time
535,late
536,late
537,late
538,on_time
539,late
540,on_time
541,on_time
542,late
543,on_time
544,late
545,late
546,on_time
547,late
548,on_time
549,on_time
550,on_time
551,late
552,on_time
553,late
554,on_time
555,late
556,on_time
557,late
558,on_time
559,on_time
560,late
561,on_time
562,late
563,on_time
564,on_time
565,late
566,on_time
567,late
568,on_time
569,late
570,late
571,on_time
572,on_time
573,late
574,on_time
575,late
576,late
577,late
578,on_time
579,on_time
580,on_time
581,on_time
582,on_time
583,late
584,late
585,late
586,late
587,late
588,on_time
589,on_time
590,late
591,late
592,on_time
593,on_time
594,late
595,late
596,on_time
597,on_time
598,on_time
599,on_time
600,late
